order_id,binario,importo,valuta,chain,chain_id,forwarder,conferme,tx_hash,gas_usato,gas_prezzo_wei,costo_gas_nativo,t0,t1,t2,t3,t4,t5,latenza_conferma,latenza_riconcil,latenza_regolam,stato_ordine,esito,categoria_errore,stato_rimborso,fattura_numero,fattura_uuid,fattura_stato,fattura_accettata,imponibile,imposta,anomalia_orologio
9,stablecoin,49.90,EUR,basesepolia,,0xe7f1725e7734ce288f8367e1bb143e90bb3f0512,,,,,,,,,,,,,,,pending,in_attesa,,,,,,0,49.90,0.00,0
10,stablecoin,49.90,EUR,basesepolia,,0xe7f1725e7734ce288f8367e1bb143e90bb3f0512,,,,,,,,,,,,,,,pending,in_attesa,,,,,,0,49.90,0.00,0
11,stablecoin,49.90,EUR,basesepolia,,0xe7f1725e7734ce288f8367e1bb143e90bb3f0512,,,,,,,,,,,,,,,pending,in_attesa,,,,,,0,49.90,0.00,0
12,stablecoin,49.90,EUR,basesepolia,,0xe7f1725e7734ce288f8367e1bb143e90bb3f0512,,0xf28cd54f9a3ff2fefc854a4f823e3d88ab5955f251943e5580dc53920ae91334,,,,,,,,,,,,,completed,successo,,,,,,0,49.90,0.00,0
14,stablecoin,49.90,EUR,basesepolia,,0xe7f1725e7734ce288f8367e1bb143e90bb3f0512,,0xf28cd54f9a3ff2fefc854a4f823e3d88ab5955f251943e5580dc53920ae91334,,,,,,,,,,,,,completed,successo,,,,,,0,49.90,0.00,0
15,stablecoin,49.90,EUR,basesepolia,,0xe7f1725e7734ce288f8367e1bb143e90bb3f0512,,0x28e1aac018b2c5d45f243f72eeda72dd465e8313114975810952e5f530a60511,,,,,,,,,,,,,completed,successo,,,,,,0,49.90,0.00,0
16,stablecoin,49.90,EUR,basesepolia,,0xe7f1725e7734ce288f8367e1bb143e90bb3f0512,,0x37fdabcde3d869240963fda116c714d64f41a84d66fefac28e2a5f4c459831fe,,,,,,,,,,,,,completed,successo,,,,,,0,49.90,0.00,0
17,stablecoin,49.90,EUR,basesepolia,,0xe7f1725e7734ce288f8367e1bb143e90bb3f0512,,0x43646ed2d006210b83c61709febec28dc67b90b4278c0cd3976288052a085e1b,,,,,,,,,,,,,completed,successo,,,,,,0,49.90,0.00,0
18,stablecoin,49.90,EUR,basesepolia,,0xe7f1725e7734ce288f8367e1bb143e90bb3f0512,,0xe82f91a52d9b2604b043a716f3a72eaf096e5327331efaa13235a4ff0fffa196,,,,,,,,,,,,,completed,successo,,,,,,0,49.90,0.00,0
19,stablecoin,49.90,EUR,basesepolia,,0xe7f1725e7734ce288f8367e1bb143e90bb3f0512,,0x7cb085337bceea97d8bd9e83eb9739112e45292f06e448482999969d740f641f,,,,,,,,,,,,,completed,successo,,,,,,0,49.90,0.00,0
20,stablecoin,49.90,EUR,basesepolia,,0xa513e6e4b8f2a923d98304ec87f64353c4d5c853,,0x3fba926789aadd9797abe81d544ab3b01aba22211837f9367ab83e492b40bbef,,,,,,,,,,,,,completed,successo,,,,,,0,49.90,0.00,0
21,stablecoin,49.90,EUR,basesepolia,,0xa513e6e4b8f2a923d98304ec87f64353c4d5c853,,0x4a5662893b83069e9d23fe0c1e0c81108f854191bd3b5af8a2ac78a4ae9afca8,,,,,,,,,,,,,completed,successo,,,,,,0,49.90,0.00,0
22,stablecoin,49.90,EUR,basesepolia,,0xe7f1725e7734ce288f8367e1bb143e90bb3f0512,,,,,,,,,,,,,,,pending,in_attesa,,,,,,0,49.90,0.00,0
23,stablecoin,49.90,EUR,basesepolia,,0xe7f1725e7734ce288f8367e1bb143e90bb3f0512,,,,,,,,,,,,,,,pending,in_attesa,,,,,,0,49.90,0.00,0
24,stablecoin,49.90,EUR,basesepolia,,0xe7f1725e7734ce288f8367e1bb143e90bb3f0512,,,,,,,,,,,,,,,pending,in_attesa,,,,,,0,49.90,0.00,0
25,stablecoin,49.90,EUR,basesepolia,,0xcf7ed3acca5a467e9e704c703e8d87f634fb0fc9,,,,,,,,,,,,,,,pending,in_attesa,,,,,,0,49.90,0.00,0
26,stablecoin,49.90,EUR,basesepolia,,0xcf7ed3acca5a467e9e704c703e8d87f634fb0fc9,,,,,,,,,,,,,,,pending,in_attesa,,,,,,0,49.90,0.00,0
27,stablecoin,49.90,EUR,basesepolia,,0x5fc8d32690cc91d4c39d9d3abcbd16989f875707,,0x1fd3bde730c38673e221786d2abaf0edac0d91995ca5df235ffdfe20a4c213c7,,,,,,,,,,,,,completed,successo,,,1,01a058fc-6014-7127-995d-2a7a54bcc26e,sent,0,49.90,0.00,0
28,stablecoin,49.90,EUR,basesepolia,,0x5fc8d32690cc91d4c39d9d3abcbd16989f875707,,0x0e0721c9718d70434c79b1e94f32be27cfe7ee896c54e0fe537b9c52afffe6d3,,,,,,,,,,,,,completed,successo,,,2,01a058fb-6ce2-79f8-8630-8b9085decf77,sent,0,49.90,0.00,0
29,stablecoin,49.90,EUR,basesepolia,,0x2279b7a0a67db372996a5fab50d91eaa73d2ebe6,,0x1b34f846c9e2969075132ee895c885e9abe43652925090a451a58690dd9ebf74,,,,,,,,,,,,,completed,successo,,,3,01a058fc-69f8-760d-9938-a3fe89048ba6,sent,0,49.90,0.00,0
30,stablecoin,49.90,EUR,basesepolia,,0x2279b7a0a67db372996a5fab50d91eaa73d2ebe6,,0xe8911cee9d68dbef6db368958b2c210994f73411487f95439b9bc3db93b88843,,,,,,,,,,,,,completed,successo,,,4,01a058fc-7449-713c-99d2-152685743207,sent,0,49.90,0.00,0
31,stablecoin,49.90,EUR,basesepolia,,0xe7f1725e7734ce288f8367e1bb143e90bb3f0512,,0x4fe11cdcc9227a4e554760b91b6b3821a9b2bf541f6d5f3a593b0ea34dba8a66,,,,,,,,,,,,,completed,successo,,,5,01a0590a-1ea9-7310-bb72-cc3c5bf14966,sent,0,49.90,0.00,0
32,stablecoin,49.90,EUR,basesepolia,,0xe7f1725e7734ce288f8367e1bb143e90bb3f0512,,0x512da036809f4670533f41222d447db5d2f5d105c44c660d6ba7192503c2f206,,,,,,,,,,,,,completed,successo,,,6,01a0590a-2765-7c18-8215-1275800ff6c2,sent,0,49.90,0.00,0
33,stablecoin,49.90,EUR,basesepolia,,0xdc64a140aa3e981100a9beca4e685f962f0cf6c9,,0xb660e26fe2f4eec77df759b3dd0b6ab4555c9e07f1c1e48478507f7304fac99f,,,,,,,,,,,,,completed,successo,,,7,01a0590b-a027-70f6-bfcd-96eb7d6156a5,sent,0,49.90,0.00,0
34,stablecoin,49.90,EUR,basesepolia,,0xdc64a140aa3e981100a9beca4e685f962f0cf6c9,,0xf5f8235ad4aab5549fba2801c2e37bce206be905b4fd1928eb4ee28c12f9c0ce,,,,,,,,,,,,,completed,successo,,,8,01a0590b-a977-7694-9b56-530317ff6cc8,sent,0,49.90,0.00,0
35,stablecoin,12.20,EUR,basesepolia,,0xdc64a140aa3e981100a9beca4e685f962f0cf6c9,,,,,,,,,,,,,,,failed,scaduto,,,,,,0,12.20,0.00,0
37,stablecoin,49.90,EUR,basesepolia,,0xe7f1725e7734ce288f8367e1bb143e90bb3f0512,,0x87c612185c72c5849865afb2e64bad9e11c3d81130a64449429b9b6654cd80da,46437,1592596749,0.000073955415233313,2026-08-31T18:41:46.780Z,2026-08-31T18:41:52.000Z,2026-08-31T18:41:52.000Z,2026-08-31T18:41:53.983Z,,,5.22,7.204,,completed,successo,,,10,01a05921-2a88-71ca-8058-6571d5dd24ec,sent,0,49.90,0.00,0
38,stablecoin,49.90,EUR,basesepolia,,0xe7f1725e7734ce288f8367e1bb143e90bb3f0512,,0xc93443b8971ad0b28f1ad8b0082642488782c2941dfd8af2caed093993893097,37160,1518751476,0.00005643680484816,2026-08-31T18:41:48.490Z,2026-08-31T18:41:52.000Z,2026-08-31T18:41:53.000Z,2026-08-31T18:41:58.251Z,,,4.51,9.761,,completed,successo,,,11,01a05921-3643-7e11-b6f0-dc7f60c96414,sent,0,49.90,0.00,0
39,stablecoin,12.20,EUR,basesepolia,,0xe7f1725e7734ce288f8367e1bb143e90bb3f0512,,,,,,2026-08-31T18:42:42.649Z,,,,,,,,,failed,scaduto,,,,,,0,12.20,0.00,0
41,stablecoin,49.90,EUR,basesepolia,,0xdc64a140aa3e981100a9beca4e685f962f0cf6c9,,0x0a7709971a52f77c02965a15ee66a9d82d624bb16a07217c764d7aace4213193,46449,1157729346,0.000053775370392354,2026-08-31T18:45:36.213Z,2026-08-31T18:45:41.000Z,2026-08-31T18:45:41.000Z,2026-08-31T18:45:42.596Z,,,4.787,6.383,,completed,successo,,,13,01a05924-86ba-752c-819b-9ab993d0dcb7,sent,0,49.90,0.00,0
42,stablecoin,49.90,EUR,basesepolia,,0xdc64a140aa3e981100a9beca4e685f962f0cf6c9,,0x7905634722a058a55be61b9d48455bc42b03ee3144f7cb3656555e8232241345,37160,1138074231,0.00004229083842396,2026-08-31T18:45:37.829Z,2026-08-31T18:45:41.000Z,2026-08-31T18:45:42.000Z,2026-08-31T18:45:46.819Z,,,4.171,8.99,,completed,successo,,,14,01a05924-90e7-7902-b7bc-9a1d285fdb9a,sent,0,49.90,0.00,0
43,stablecoin,12.20,EUR,basesepolia,,0xdc64a140aa3e981100a9beca4e685f962f0cf6c9,,,,,,2026-08-31T18:46:22.361Z,,,,,,,,,failed,scaduto,,,,,,0,12.20,0.00,0
45,stablecoin,10.00,EUR,basesepolia,,0xe7f1725e7734ce288f8367e1bb143e90bb3f0512,,,,,,2026-08-31T19:05:57.199Z,,,,,,,,,failed,scaduto,,,,,,0,10.00,0.00,0
46,stablecoin,10.00,EUR,basesepolia,,0xe7f1725e7734ce288f8367e1bb143e90bb3f0512,,,,,,2026-08-31T19:05:57.268Z,,,,,,,,,failed,scaduto,,,,,,0,10.00,0.00,0
47,stablecoin,10.00,EUR,basesepolia,,0xe7f1725e7734ce288f8367e1bb143e90bb3f0512,,,,,,2026-08-31T19:05:57.339Z,,,,,,,,,failed,scaduto,,,,,,0,10.00,0.00,0
48,stablecoin,10.00,EUR,basesepolia,,0xe7f1725e7734ce288f8367e1bb143e90bb3f0512,,,,,,2026-08-31T19:05:57.424Z,,,,,,,,,failed,scaduto,,,,,,0,10.00,0.00,0
49,stablecoin,50.00,EUR,basesepolia,,0xe7f1725e7734ce288f8367e1bb143e90bb3f0512,,,,,,2026-08-31T19:05:57.492Z,,,,,,,,,failed,scaduto,,,,,,0,50.00,0.00,0
50,stablecoin,50.00,EUR,basesepolia,,0xe7f1725e7734ce288f8367e1bb143e90bb3f0512,,,,,,2026-08-31T19:05:57.560Z,,,,,,,,,failed,scaduto,,,,,,0,50.00,0.00,0
51,stablecoin,50.00,EUR,basesepolia,,0xe7f1725e7734ce288f8367e1bb143e90bb3f0512,,,,,,2026-08-31T19:05:57.637Z,,,,,,,,,failed,scaduto,,,,,,0,50.00,0.00,0
52,stablecoin,50.00,EUR,basesepolia,,0xe7f1725e7734ce288f8367e1bb143e90bb3f0512,,,,,,2026-08-31T19:05:57.705Z,,,,,,,,,failed,scaduto,,,,,,0,50.00,0.00,0
53,stablecoin,250.00,EUR,basesepolia,,0xe7f1725e7734ce288f8367e1bb143e90bb3f0512,,,,,,2026-08-31T19:05:57.777Z,,,,,,,,,failed,scaduto,,,,,,0,250.00,0.00,0
54,stablecoin,250.00,EUR,basesepolia,,0xe7f1725e7734ce288f8367e1bb143e90bb3f0512,,,,,,2026-08-31T19:05:57.848Z,,,,,,,,,failed,scaduto,,,,,,0,250.00,0.00,0
55,stablecoin,250.00,EUR,basesepolia,,0xe7f1725e7734ce288f8367e1bb143e90bb3f0512,,,,,,2026-08-31T19:05:57.913Z,,,,,,,,,failed,scaduto,,,,,,0,250.00,0.00,0
56,stablecoin,250.00,EUR,basesepolia,,0xe7f1725e7734ce288f8367e1bb143e90bb3f0512,,,,,,2026-08-31T19:05:57.983Z,,,,,,,,,failed,scaduto,,,,,,0,250.00,0.00,0
57,stablecoin,10.00,EUR,basesepolia,,0xe7f1725e7734ce288f8367e1bb143e90bb3f0512,,,,,,2026-08-31T19:06:28.970Z,,,,,,,,,failed,scaduto,,,,,,0,10.00,0.00,0
58,stablecoin,10.00,EUR,basesepolia,,0xe7f1725e7734ce288f8367e1bb143e90bb3f0512,,,,,,2026-08-31T19:06:29.044Z,,,,,,,,,failed,scaduto,,,,,,0,10.00,0.00,0
59,stablecoin,10.00,EUR,basesepolia,,0xe7f1725e7734ce288f8367e1bb143e90bb3f0512,,,,,,2026-08-31T19:06:29.115Z,,,,,,,,,failed,scaduto,,,,,,0,10.00,0.00,0
60,stablecoin,10.00,EUR,basesepolia,,0xe7f1725e7734ce288f8367e1bb143e90bb3f0512,,,,,,2026-08-31T19:06:29.188Z,,,,,,,,,failed,scaduto,,,,,,0,10.00,0.00,0
61,stablecoin,50.00,EUR,basesepolia,,0xe7f1725e7734ce288f8367e1bb143e90bb3f0512,,,,,,2026-08-31T19:06:29.265Z,,,,,,,,,failed,scaduto,,,,,,0,50.00,0.00,0
62,stablecoin,50.00,EUR,basesepolia,,0xe7f1725e7734ce288f8367e1bb143e90bb3f0512,,,,,,2026-08-31T19:06:29.340Z,,,,,,,,,failed,scaduto,,,,,,0,50.00,0.00,0
63,stablecoin,50.00,EUR,basesepolia,,0xe7f1725e7734ce288f8367e1bb143e90bb3f0512,,,,,,2026-08-31T19:06:29.414Z,,,,,,,,,failed,scaduto,,,,,,0,50.00,0.00,0
64,stablecoin,50.00,EUR,basesepolia,,0xe7f1725e7734ce288f8367e1bb143e90bb3f0512,,,,,,2026-08-31T19:06:29.493Z,,,,,,,,,failed,scaduto,,,,,,0,50.00,0.00,0
65,stablecoin,250.00,EUR,basesepolia,,0xe7f1725e7734ce288f8367e1bb143e90bb3f0512,,,,,,2026-08-31T19:06:29.562Z,,,,,,,,,failed,scaduto,,,,,,0,250.00,0.00,0
66,stablecoin,250.00,EUR,basesepolia,,0xe7f1725e7734ce288f8367e1bb143e90bb3f0512,,,,,,2026-08-31T19:06:29.638Z,,,,,,,,,failed,scaduto,,,,,,0,250.00,0.00,0
67,stablecoin,250.00,EUR,basesepolia,,0xe7f1725e7734ce288f8367e1bb143e90bb3f0512,,,,,,2026-08-31T19:06:29.722Z,,,,,,,,,failed,scaduto,,,,,,0,250.00,0.00,0
68,stablecoin,250.00,EUR,basesepolia,,0xe7f1725e7734ce288f8367e1bb143e90bb3f0512,,,,,,2026-08-31T19:06:29.792Z,,,,,,,,,failed,scaduto,,,,,,0,250.00,0.00,0
69,stablecoin,10.00,EUR,basesepolia,,0xe7f1725e7734ce288f8367e1bb143e90bb3f0512,,0x05fb6226d1cfd93d296be74d7173ef4e2a83c28a9c149326ba1ecf8c39cdf1b0,46437,1453938817,0.000067516556845029,2026-08-31T19:07:41.056Z,2026-08-31T19:07:42.000Z,2026-08-31T19:07:42.000Z,2026-08-31T19:07:45.423Z,,,0.944,4.367,,completed,successo,,,16,01a05995-c4bb-7510-b351-d9a6e9f1b821,sent,0,10.00,0.00,0
70,stablecoin,10.00,EUR,basesepolia,,0xe7f1725e7734ce288f8367e1bb143e90bb3f0512,,0x1bcb7345318cadcf34415723cacaa6992378e12a6535f6a52bd19ee768fdc992,46437,1397372128,0.000064889769507936,2026-08-31T19:07:41.137Z,2026-08-31T19:07:42.000Z,2026-08-31T19:07:42.000Z,2026-08-31T19:07:45.652Z,,,0.863,4.515,,completed,successo,,,17,01a05995-d251-7412-9457-69aa227cad4a,sent,0,10.00,0.00,0
71,stablecoin,10.00,EUR,basesepolia,,0xe7f1725e7734ce288f8367e1bb143e90bb3f0512,,0xdc33c7be03978561e3fd7fb4b133492a716d9e15388ee66f264ac8bf373e3eab,46437,1347854386,0.000062590314122682,2026-08-31T19:07:41.206Z,2026-08-31T19:07:42.000Z,2026-08-31T19:07:42.000Z,2026-08-31T19:07:45.784Z,,,0.794,4.577,,completed,successo,,,18,01a05995-dd0e-7d14-a234-976e538319ca,sent,0,10.00,0.00,0
72,stablecoin,10.00,EUR,basesepolia,,0xe7f1725e7734ce288f8367e1bb143e90bb3f0512,,0xca263311f17eb18211927cb3f24af57002073982540ebd99c082e42c36db731b,46437,1304507199,0.000060577400799963,2026-08-31T19:07:41.276Z,2026-08-31T19:07:42.000Z,2026-08-31T19:07:42.000Z,2026-08-31T19:07:45.915Z,,,0.724,4.638,,completed,successo,,,19,01a05995-e75f-77c2-a382-558961ba1991,sent,0,10.00,0.00,0
73,stablecoin,50.00,EUR,basesepolia,,0xe7f1725e7734ce288f8367e1bb143e90bb3f0512,,0x6df8c0ce0a4f3f0370d1e8879e9addcd4d763f4aa8f01f0486996daf2db19e2a,46449,1266561636,0.000058830521430564,2026-08-31T19:07:41.357Z,2026-08-31T19:07:42.000Z,2026-08-31T19:07:42.000Z,2026-08-31T19:07:46.051Z,,,0.643,4.695,,completed,successo,,,20,01a05995-f1b2-76a4-87ef-b57ddb629cfe,sent,0,50.00,0.00,0
74,stablecoin,50.00,EUR,basesepolia,,0xe7f1725e7734ce288f8367e1bb143e90bb3f0512,,0x89bcf9378b64ce4a902e0536ddaaed7de8fc5a0af12b90d45c00afdba3b78437,46449,1233344611,0.000057287623836339,2026-08-31T19:07:41.439Z,2026-08-31T19:07:42.000Z,2026-08-31T19:07:42.000Z,2026-08-31T19:07:46.190Z,,,0.561,4.751,,completed,successo,,,21,01a05995-fc33-74ea-ba52-4d9181974c23,sent,0,50.00,0.00,0
75,stablecoin,50.00,EUR,basesepolia,,0xe7f1725e7734ce288f8367e1bb143e90bb3f0512,,0xed5a23b76a85e9ed1e5d92e67435bf935c17b9d478bf55ad0dde3237eb6c9748,46449,1204266857,0.000055936991240793,2026-08-31T19:07:41.512Z,2026-08-31T19:07:42.000Z,2026-08-31T19:07:42.000Z,2026-08-31T19:07:46.331Z,,,0.488,4.819,,completed,successo,,,22,01a05996-06e2-74b0-a6b6-04f7d0861a69,sent,0,50.00,0.00,0
76,stablecoin,50.00,EUR,basesepolia,,0xe7f1725e7734ce288f8367e1bb143e90bb3f0512,,0xd2c17bb6fb56fd4c855c55ee5604ad92908390e3c86bcab4f305fa5eb03893cc,46449,1178812567,0.000054754664924583,2026-08-31T19:07:41.586Z,2026-08-31T19:07:42.000Z,2026-08-31T19:07:42.000Z,2026-08-31T19:07:46.464Z,,,0.414,4.878,,completed,successo,,,23,01a05996-1fb9-7a34-b79c-1e7ce119c920,sent,0,50.00,0.00,0
77,stablecoin,250.00,EUR,basesepolia,,0xe7f1725e7734ce288f8367e1bb143e90bb3f0512,,0xd3d7a325a5985cd2bc1245e4b0d47c2384326a0c48d9563fc83c49fb90452f9c,46425,1156530210,0.00005369191499925,2026-08-31T19:07:41.657Z,2026-08-31T19:07:42.000Z,2026-08-31T19:07:42.000Z,2026-08-31T19:07:46.586Z,,,0.343,4.928,,completed,successo,,,24,01a05996-279a-7438-b48d-3c94241de2c2,sent,0,250.00,0.00,0
78,stablecoin,250.00,EUR,basesepolia,,0xe7f1725e7734ce288f8367e1bb143e90bb3f0512,,0x971a7485a143937c5b3a0469a7ddee3a64dd49372d4090e34a299614282200ff,46449,1137024492,0.000052813650628908,2026-08-31T19:07:41.727Z,2026-08-31T19:07:42.000Z,2026-08-31T19:07:42.000Z,2026-08-31T19:07:46.712Z,,,0.273,4.985,,completed,successo,,,25,01a05996-2e26-7dbe-ae09-52398c883352,sent,0,250.00,0.00,0
79,stablecoin,250.00,EUR,basesepolia,,0xe7f1725e7734ce288f8367e1bb143e90bb3f0512,,,,,,2026-08-31T19:07:41.799Z,,,,,,,,,failed,scaduto,,,,,,0,250.00,0.00,0
80,stablecoin,250.00,EUR,basesepolia,,0xe7f1725e7734ce288f8367e1bb143e90bb3f0512,,,,,,2026-08-31T19:07:41.871Z,,,,,,,,,failed,scaduto,,,,,,0,250.00,0.00,0
81,stablecoin,10.00,EUR,basesepolia,,0xe7f1725e7734ce288f8367e1bb143e90bb3f0512,,0x67910c59915c380ae15f2aa52d5836d799d10f1440a0e01f18c5fb192b429491,46437,1070434629,0.000049707772866873,2026-08-31T19:11:10.356Z,2026-08-31T19:11:12.000Z,2026-08-31T19:11:12.000Z,2026-08-31T19:11:14.174Z,,,1.644,3.818,,completed,successo,,,26,01a05996-3358-702d-b78e-512a3d2caaac,sent,0,10.00,0.00,0
82,stablecoin,10.00,EUR,basesepolia,,0xe7f1725e7734ce288f8367e1bb143e90bb3f0512,,0xbe0d13cf4b1be4d2b472a8ed0745f3a26b3da57b91921e2e8abab6d9c39af85f,46437,1061657557,0.000049300191974409,2026-08-31T19:11:10.430Z,2026-08-31T19:11:12.000Z,2026-08-31T19:11:12.000Z,2026-08-31T19:11:14.330Z,,,1.57,3.9,,completed,successo,,,27,01a05996-3bf7-70d7-aaae-3481edcaee74,sent,0,10.00,0.00,0
83,stablecoin,10.00,EUR,basesepolia,,0xe7f1725e7734ce288f8367e1bb143e90bb3f0512,,0x92f6e69f3409337701dd58476e3f164b2415bd47dd0da00beaacc5b25b43565f,46437,1053974223,0.000048943400993451,2026-08-31T19:11:10.499Z,2026-08-31T19:11:12.000Z,2026-08-31T19:11:12.000Z,2026-08-31T19:11:14.467Z,,,1.501,3.968,,completed,successo,,,28,01a05996-459a-7edd-a5c5-22641a8e02c7,sent,0,10.00,0.00,0
84,stablecoin,10.00,EUR,basesepolia,,0xe7f1725e7734ce288f8367e1bb143e90bb3f0512,,0xf113dfc8a19850a0617ec26e32ba1b2c1722720d0dc6659ffdb5cbba14eef053,46437,1047248332,0.000048631070793084,2026-08-31T19:11:10.564Z,2026-08-31T19:11:12.000Z,2026-08-31T19:11:12.000Z,2026-08-31T19:11:14.599Z,,,1.436,4.035,,completed,successo,,,29,01a05996-4fc2-7ab8-872c-4fb300610fae,sent,0,10.00,0.00,0
85,stablecoin,10.00,EUR,basesepolia,,0xe7f1725e7734ce288f8367e1bb143e90bb3f0512,,0xfe7e7de67c23654a4a9e4d444dba5a2d955750556523204d7f2c2b7f1b511513,46437,1041360575,0.000048357661021275,2026-08-31T19:11:10.640Z,2026-08-31T19:11:12.000Z,2026-08-31T19:11:12.000Z,2026-08-31T19:11:14.751Z,,,1.36,4.111,,completed,successo,,,30,01a05996-59bd-785e-ac80-3f4d3dcb1b7d,sent,0,10.00,0.00,0
86,stablecoin,50.00,EUR,basesepolia,,0xe7f1725e7734ce288f8367e1bb143e90bb3f0512,,0xf0f3c3d2bb7401829677164204c4186fc79278cfb6c59f489f9e33e1d131add9,46449,1036206509,0.000048130756136541,2026-08-31T19:11:10.717Z,2026-08-31T19:11:12.000Z,2026-08-31T19:11:12.000Z,2026-08-31T19:11:14.869Z,,,1.283,4.152,,completed,successo,,,31,01a05996-6287-72ea-83cc-e77fd7f0960f,sent,0,50.00,0.00,0
87,stablecoin,50.00,EUR,basesepolia,,0xe7f1725e7734ce288f8367e1bb143e90bb3f0512,,0x23c97608d66a68ff9a0d8e22e7fd2ce39267f27c866caa384bd91b4da616f20d,46449,1031694711,0.000047921187631239,2026-08-31T19:11:10.783Z,2026-08-31T19:11:12.000Z,2026-08-31T19:11:12.000Z,2026-08-31T19:11:14.984Z,,,1.217,4.202,,completed,successo,,,32,01a05996-6c3e-72cc-a2dc-58231e8b2664,sent,0,50.00,0.00,0
88,stablecoin,50.00,EUR,basesepolia,,0xe7f1725e7734ce288f8367e1bb143e90bb3f0512,,0xba8eb170bf767bedc9230ecbb20bf86741472b440159302a0789f98accc6d37d,46449,1027745141,0.000047737734054309,2026-08-31T19:11:10.855Z,2026-08-31T19:11:12.000Z,2026-08-31T19:11:12.000Z,2026-08-31T19:11:15.101Z,,,1.145,4.246,,completed,successo,,,33,01a05996-754a-78ed-9dcf-06651ce307c2,sent,0,50.00,0.00,0
89,stablecoin,50.00,EUR,basesepolia,,0xe7f1725e7734ce288f8367e1bb143e90bb3f0512,,0xe59312d2b4a7ac01e3aa0eb5739cecb3fa50ce53a3e36ad073b9337f928a66fe,46449,1024287738,0.000047577141142362,2026-08-31T19:11:10.927Z,2026-08-31T19:11:12.000Z,2026-08-31T19:11:12.000Z,2026-08-31T19:11:15.219Z,,,1.073,4.292,,completed,successo,,,34,01a05996-7ea5-7eec-b8cf-e5c9642166e9,sent,0,50.00,0.00,0
90,stablecoin,50.00,EUR,basesepolia,,0xe7f1725e7734ce288f8367e1bb143e90bb3f0512,,0x0f50247ef812ea92496b1b1db675f6605045adbb8c5106bc6582ba2cbf82e40f,46449,1021261172,0.000047436560178228,2026-08-31T19:11:11.004Z,2026-08-31T19:11:12.000Z,2026-08-31T19:11:12.000Z,2026-08-31T19:11:15.333Z,,,0.996,4.329,,completed,successo,,,35,01a05996-976e-7520-bb60-4b48e1241a8d,sent,0,50.00,0.00,0
91,stablecoin,250.00,EUR,basesepolia,,0xe7f1725e7734ce288f8367e1bb143e90bb3f0512,,0xdf224f74d19a73491294a467428f4422688b058d95f5f98ea02d0c2e37bf4199,46449,1018611756,0.000047313497454444,2026-08-31T19:11:11.073Z,2026-08-31T19:11:12.000Z,2026-08-31T19:11:12.000Z,2026-08-31T19:11:15.457Z,,,0.927,4.384,,completed,successo,,,36,01a05996-a12c-7da5-b066-546156548ff7,sent,0,250.00,0.00,0
92,stablecoin,250.00,EUR,basesepolia,,0xe7f1725e7734ce288f8367e1bb143e90bb3f0512,,0x73d346f187e3b44626231181390a6fe90edeaab6ec3ee45c2d6b0e62a32eea08,46425,1016292491,0.000047181378894675,2026-08-31T19:11:11.139Z,2026-08-31T19:11:12.000Z,2026-08-31T19:11:12.000Z,2026-08-31T19:11:15.572Z,,,0.861,4.433,,completed,successo,,,37,01a05996-aa7f-7d29-a67a-52b6d272e8a1,sent,0,250.00,0.00,0
93,stablecoin,250.00,EUR,basesepolia,,0xe7f1725e7734ce288f8367e1bb143e90bb3f0512,,0x5aa6d2b79be3d602c00c4702a6e3b3b7f33f4f450b6deef6899034a24276d008,46449,1014262233,0.000047111466460617,2026-08-31T19:11:11.214Z,2026-08-31T19:11:12.000Z,2026-08-31T19:11:12.000Z,2026-08-31T19:11:15.694Z,,,0.786,4.48,,completed,successo,,,38,01a05996-b49f-7c19-baee-12edae0e4874,sent,0,250.00,0.00,0
94,stablecoin,250.00,EUR,basesepolia,,0xe7f1725e7734ce288f8367e1bb143e90bb3f0512,,0x4a7781eb2d46b3bb0eb033b6ba9c7b8160f40fcc5987c0ca197d125daf21c624,46437,1012484975,0.000047016764784075,2026-08-31T19:11:11.285Z,2026-08-31T19:11:12.000Z,2026-08-31T19:11:12.000Z,2026-08-31T19:11:15.804Z,,,0.715,4.519,,completed,successo,,,39,01a05996-bebe-799a-bca5-fee49cf03c75,sent,0,250.00,0.00,0
95,stablecoin,250.00,EUR,basesepolia,,0xe7f1725e7734ce288f8367e1bb143e90bb3f0512,,0x4e51c63e25625e617325f98f8c99a956446fe06ea0836352bb86589efc545005,46449,1010929185,0.000046956649714065,2026-08-31T19:11:11.355Z,2026-08-31T19:11:12.000Z,2026-08-31T19:11:12.000Z,2026-08-31T19:11:15.918Z,,,0.645,4.564,,completed,successo,,,40,01a05996-c812-7665-b26c-dbdc547ad09f,sent,0,250.00,0.00,0
96,stablecoin,1000.00,EUR,basesepolia,,0xe7f1725e7734ce288f8367e1bb143e90bb3f0512,,0x9c23ac6b90796163ec5135c42aa1d39ea39bbbdf69aa2165a705294870a6a34a,46449,1009567268,0.000046893390031332,2026-08-31T19:11:11.421Z,2026-08-31T19:11:12.000Z,2026-08-31T19:11:12.000Z,2026-08-31T19:11:16.033Z,,,0.579,4.612,,completed,successo,,,41,01a05996-d186-7abc-9b8a-b52972ee1035,sent,0,1000.00,0.00,0
97,stablecoin,1000.00,EUR,basesepolia,,0xe7f1725e7734ce288f8367e1bb143e90bb3f0512,,0x52d9c4d90ab7d9ef6eafbda9e97664e46b927086a361115ba05f2ff2fc42b94a,46449,1008375063,0.000046838013301287,2026-08-31T19:11:11.488Z,2026-08-31T19:11:12.000Z,2026-08-31T19:11:12.000Z,2026-08-31T19:11:16.145Z,,,0.512,4.657,,completed,successo,,,42,01a05996-daf2-7f96-ae18-b238c4da728d,sent,0,1000.00,0.00,0
98,stablecoin,1000.00,EUR,basesepolia,,0xe7f1725e7734ce288f8367e1bb143e90bb3f0512,,0xa8fb146a260d6c577bd5c6fa82cb5138a0102050264bea1f8252e479004eb4cc,46437,1007331422,0.000046777449243414,2026-08-31T19:11:11.563Z,2026-08-31T19:11:12.000Z,2026-08-31T19:11:12.000Z,2026-08-31T19:11:16.259Z,,,0.437,4.696,,completed,successo,,,43,01a05996-e4f9-789d-926e-ba3ea19b77bd,sent,0,1000.00,0.00,0
99,stablecoin,1000.00,EUR,basesepolia,,0xe7f1725e7734ce288f8367e1bb143e90bb3f0512,,,,,,2026-08-31T19:11:11.648Z,,,,,,,,,failed,scaduto,,,,,,0,1000.00,0.00,0
100,stablecoin,1000.00,EUR,basesepolia,,0xe7f1725e7734ce288f8367e1bb143e90bb3f0512,,,,,,2026-08-31T19:11:11.730Z,,,,,,,,,failed,scaduto,,,,,,0,1000.00,0.00,0
101,stablecoin,10.00,EUR,basesepolia,,0xe7f1725e7734ce288f8367e1bb143e90bb3f0512,,0x3a4219b1e7d61665298e7a8f99aa00204d4eace1b9853268aceaa98ed21902c4,46437,1003768568,0.000046612000992216,2026-08-31T19:14:35.961Z,2026-08-31T19:14:37.000Z,2026-08-31T19:14:37.000Z,2026-08-31T19:14:39.794Z,,,1.039,3.833,,completed,successo,,,44,01a05996-ef28-72f7-ab44-4c0865389573,sent,0,10.00,0.00,0
102,stablecoin,10.00,EUR,basesepolia,,0xe7f1725e7734ce288f8367e1bb143e90bb3f0512,,0x7ef0f4b2a1568f24daf6b415af5b540cb9b8700163668bd663d5e5bf369be752,46437,1003298956,0.000046590193619772,2026-08-31T19:14:36.036Z,2026-08-31T19:14:37.000Z,2026-08-31T19:14:37.000Z,2026-08-31T19:14:39.959Z,,,0.964,3.924,,completed,successo,,,45,01a05996-fa2c-7b92-a194-d87297499188,sent,0,10.00,0.00,0
103,stablecoin,10.00,EUR,basesepolia,,0xe7f1725e7734ce288f8367e1bb143e90bb3f0512,,0x7ce726837ddd64dee9b04ec5b1705d14524565933c9ff5bc049885f4320933ba,46437,1002887864,0.000046571103740568,2026-08-31T19:14:36.105Z,2026-08-31T19:14:37.000Z,2026-08-31T19:14:37.000Z,2026-08-31T19:14:40.101Z,,,0.895,3.996,,completed,successo,,,46,01a05997-13de-77c8-bc7d-2fb0b7954483,sent,0,10.00,0.00,0
104,stablecoin,10.00,EUR,basesepolia,,0xe7f1725e7734ce288f8367e1bb143e90bb3f0512,,0x75d0fb587e28b6205c1a6b41e42de176ef4cab18bf26b2acb17b9e1129106e4d,46437,1002527999,0.000046554392689563,2026-08-31T19:14:36.186Z,2026-08-31T19:14:37.000Z,2026-08-31T19:14:37.000Z,2026-08-31T19:14:40.235Z,,,0.814,4.049,,completed,successo,,,47,01a05997-1dd2-7373-b492-78c85628dccb,sent,0,10.00,0.00,0
105,stablecoin,10.00,EUR,basesepolia,,0xe7f1725e7734ce288f8367e1bb143e90bb3f0512,,0x7726f90ebf600c4d86f6e8db7d612c916c8ee6c310a2bc499658f037dc2eb727,46437,1002212978,0.000046539764059386,2026-08-31T19:14:36.257Z,2026-08-31T19:14:37.000Z,2026-08-31T19:14:37.000Z,2026-08-31T19:14:40.362Z,,,0.743,4.105,,completed,successo,,,48,01a05997-28b4-71d6-bde5-c9b3bac8a211,sent,0,10.00,0.00,0
106,stablecoin,50.00,EUR,basesepolia,,0xe7f1725e7734ce288f8367e1bb143e90bb3f0512,,0x1c86dcb63784b42d5edb61042e60ad7a7107723fa122c6a5e53b425c781aeb8d,46449,1001937213,0.000046538981606637,2026-08-31T19:14:36.327Z,2026-08-31T19:14:37.000Z,2026-08-31T19:14:37.000Z,2026-08-31T19:14:40.477Z,,,0.673,4.15,,completed,successo,,,49,01a05997-330f-7d94-95a4-4f9eb099a8c7,sent,0,50.00,0.00,0
107,stablecoin,50.00,EUR,basesepolia,,0xe7f1725e7734ce288f8367e1bb143e90bb3f0512,,0xb0a4f16fa5969e91d4ab9abb27ecb5de2b2efa8bace771ff107082026fc5404d,46449,1001695812,0.000046527768771588,2026-08-31T19:14:36.403Z,2026-08-31T19:14:37.000Z,2026-08-31T19:14:37.000Z,2026-08-31T19:14:40.596Z,,,0.597,4.193,,completed,successo,,,50,01a05997-3dbf-7761-9fca-ff1c5e47a233,sent,0,50.00,0.00,0
108,stablecoin,50.00,EUR,basesepolia,,0xe7f1725e7734ce288f8367e1bb143e90bb3f0512,,0x0afb51b9b7a9b56e6d2fb937182160a7cc146c2c588ecd27d4416fee51ad3161,46449,1001484492,0.000046517953168908,2026-08-31T19:14:36.479Z,2026-08-31T19:14:37.000Z,2026-08-31T19:14:37.000Z,2026-08-31T19:14:40.710Z,,,0.521,4.231,,completed,successo,,,51,01a05997-47ce-7198-bf44-8af16ce59d8a,sent,0,50.00,0.00,0
109,stablecoin,50.00,EUR,basesepolia,,0xe7f1725e7734ce288f8367e1bb143e90bb3f0512,,0xf885bfff0fdf29874e49a96a9f2b6237208b57fc454b8192c0f4b5eca252198e,46449,1001299506,0.000046509360754194,2026-08-31T19:14:36.549Z,2026-08-31T19:14:37.000Z,2026-08-31T19:14:37.000Z,2026-08-31T19:14:40.835Z,,,0.451,4.287,,completed,successo,,,52,01a05997-5184-7ca8-9207-ae435d511d12,sent,0,50.00,0.00,0
110,stablecoin,50.00,EUR,basesepolia,,0xe7f1725e7734ce288f8367e1bb143e90bb3f0512,,0x6afadd0cb5ffd2aab4fb13a32c68bba25b9fde8a06f3fdfa1ae688a0c156ab4d,46449,1001137571,0.000046501839035379,2026-08-31T19:14:36.626Z,2026-08-31T19:14:37.000Z,2026-08-31T19:14:37.000Z,2026-08-31T19:14:40.956Z,,,0.374,4.329,,completed,successo,,,53,01a05997-5b52-78ac-92d7-66380e05a0ad,sent,0,50.00,0.00,0
111,stablecoin,250.00,EUR,basesepolia,,0xe7f1725e7734ce288f8367e1bb143e90bb3f0512,,0x53635afb1795e62109e606fca28ce242cebf37333c0179c4a331d3a7847d684d,46437,1000995815,0.000046483242661155,2026-08-31T19:14:36.700Z,2026-08-31T19:14:37.000Z,2026-08-31T19:14:37.000Z,2026-08-31T19:14:41.095Z,,,0.3,4.396,,completed,successo,,,54,01a05997-645b-79b3-b36d-ed2713b4e740,sent,0,250.00,0.00,0
112,stablecoin,250.00,EUR,basesepolia,,0xe7f1725e7734ce288f8367e1bb143e90bb3f0512,,0xc44b95f2084337aeb3b906b6e568e0e2b87167e34b1ccf3242b2784377f37abc,46449,1000871724,0.000046489490708076,2026-08-31T19:14:36.772Z,2026-08-31T19:14:37.000Z,2026-08-31T19:14:37.000Z,2026-08-31T19:14:41.228Z,,,0.228,4.455,,completed,successo,,,55,01a05997-6e90-7283-adae-f82344d44d05,sent,0,250.00,0.00,0
113,stablecoin,250.00,EUR,basesepolia,,0xe7f1725e7734ce288f8367e1bb143e90bb3f0512,,0xcda10d2296f530f92de66b26da1032b33339ecaa0043c193fc72b1aa325692fc,46449,1000763096,0.000046484445046104,2026-08-31T19:14:36.854Z,2026-08-31T19:14:37.000Z,2026-08-31T19:14:37.000Z,2026-08-31T19:14:41.345Z,,,0.146,4.491,,completed,successo,,,56,01a05997-8d25-7fed-9978-bb1cffb51c0e,sent,0,250.00,0.00,0
114,stablecoin,250.00,EUR,basesepolia,,0xe7f1725e7734ce288f8367e1bb143e90bb3f0512,,0x82146ff51dd82734973e7cb0522ee63c685d049dcbded226537c984e86243105,46449,1000668005,0.000046480028164245,2026-08-31T19:14:36.927Z,2026-08-31T19:14:37.000Z,2026-08-31T19:14:37.000Z,2026-08-31T19:14:41.460Z,,,0.073,4.533,,completed,successo,,,57,01a05997-96aa-7da0-bfd9-1d94fc5b87e6,sent,0,250.00,0.00,0
115,stablecoin,250.00,EUR,basesepolia,,0xe7f1725e7734ce288f8367e1bb143e90bb3f0512,,0xfbe801b6db9d17f184c1ee2a9b8a25720d2389e2d540e21f9e6949b499b4e7c5,46449,1000584763,0.000046476161656587,2026-08-31T19:14:37.000Z,2026-08-31T19:14:37.000Z,2026-08-31T19:14:37.000Z,2026-08-31T19:14:41.587Z,,,-0,4.587,,completed,successo,,,58,01a05997-a3b8-7fdc-8572-3e24ca264061,sent,0,250.00,0.00,0
116,stablecoin,1000.00,EUR,basesepolia,,0xe7f1725e7734ce288f8367e1bb143e90bb3f0512,,0x792fccff7eae7211049e0824073656497ed2efc77262d77d385790e05a544f70,46449,1000511894,0.000046472776964406,2026-08-31T19:14:37.072Z,2026-08-31T19:14:37.000Z,2026-08-31T19:14:37.000Z,2026-08-31T19:14:41.732Z,,,-0.072,4.659,,completed,successo,,,59,01a05997-acbc-7236-b112-b757e8b64dd6,sent,0,1000.00,0.00,1
117,stablecoin,1000.00,EUR,basesepolia,,0xe7f1725e7734ce288f8367e1bb143e90bb3f0512,,0x3587655f74ce299f8ddc3ad7fcccbd02c0bc451609b78c8c1d8e714b6f785153,46449,1000448106,0.000046469814075594,2026-08-31T19:14:37.148Z,2026-08-31T19:14:37.000Z,2026-08-31T19:14:37.000Z,2026-08-31T19:14:41.857Z,,,-0.148,4.709,,completed,successo,,,60,01a05997-b61f-7d61-b9f5-a053ccc8b4e0,sent,0,1000.00,0.00,1
118,stablecoin,1000.00,EUR,basesepolia,,0xe7f1725e7734ce288f8367e1bb143e90bb3f0512,,0xb0aef932f1c9ae7ab1206a60519db325063d85d3854ead3a46395bdd1b6f5264,46449,1000392267,0.000046467220409883,2026-08-31T19:14:37.218Z,2026-08-31T19:14:37.000Z,2026-08-31T19:14:37.000Z,2026-08-31T19:14:41.982Z,,,-0.218,4.764,,completed,successo,,,61,01a05997-c081-7c6e-9cca-388ee40d1b8a,sent,0,1000.00,0.00,1
119,stablecoin,1000.00,EUR,basesepolia,,0xe7f1725e7734ce288f8367e1bb143e90bb3f0512,,0x2064b7a947c0048b7670fb4842571fb47d41f59ef8d36b46c4ee6d1b1be13bfe,46449,1000343386,0.000046464949936314,2026-08-31T19:14:37.290Z,2026-08-31T19:14:37.000Z,2026-08-31T19:14:37.000Z,2026-08-31T19:14:42.122Z,,,-0.29,4.832,,completed,successo,,,62,01a05997-cc3a-77a1-96ff-a2cd0158ec85,sent,0,1000.00,0.00,1
120,stablecoin,1000.00,EUR,basesepolia,,0xe7f1725e7734ce288f8367e1bb143e90bb3f0512,,0x87207aefb08276a0f65aa35a0536e507458077af06fe84cb9e2fe89a7673fff7,37160,1000300596,0.00003717117014736,2026-08-31T19:14:37.363Z,2026-08-31T19:14:37.000Z,2026-08-31T19:14:38.000Z,2026-08-31T19:14:42.244Z,,,0.637,4.88,,completed,successo,,,63,01a05997-d755-796d-8ea0-dc368b5e85f7,sent,0,1000.00,0.00,0
121,stablecoin,10.00,EUR,basesepolia,,0x91f7b2252256a112fe12ee79ba58e1cb290d21c3,,,,,,2026-08-31T20:42:49.870Z,,,,,,,,,pending,in_attesa,,,,,,0,10.00,0.00,0
122,stablecoin,10.00,EUR,basesepolia,,0x91f7b2252256a112fe12ee79ba58e1cb290d21c3,,,,,,2026-08-31T20:42:49.943Z,,,,,,,,,pending,in_attesa,,,,,,0,10.00,0.00,0
123,stablecoin,10.00,EUR,basesepolia,,0x91f7b2252256a112fe12ee79ba58e1cb290d21c3,,0xe1c1f0ad2aadbd267ee0eb06c6fd45aab7fff18200e4295647c70deead8705f1,65376,6000000,0.000000392256,2026-08-31T20:42:50.012Z,2026-08-31T20:42:56.000Z,2026-08-31T20:43:02.000Z,2026-08-31T20:43:09.305Z,,,11.988,19.293,,completed,successo,,,64,01a05997-e60d-736f-83c5-3529698b81a0,sent,0,10.00,0.00,0
124,stablecoin,25.00,EUR,basesepolia,,0x91f7b2252256a112fe12ee79ba58e1cb290d21c3,,0x5e5767f6044fd8f0ea7d43807f1d4ee1e023dd0a61e96f6af2a13b18c820c63d,65388,6000000,0.000000392328,2026-08-31T20:42:50.081Z,2026-08-31T20:42:58.000Z,2026-08-31T20:43:04.000Z,2026-08-31T20:43:09.543Z,,,13.919,19.461,,completed,successo,,,65,01a05997-efd7-75b6-b43f-c932a017c85d,sent,0,25.00,0.00,0
125,stablecoin,25.00,EUR,basesepolia,,0x91f7b2252256a112fe12ee79ba58e1cb290d21c3,,0x9ba916878a16884c64f10f7b16679367b68bb8b341b4331a2641320a284f1de4,65388,6000000,0.000000392328,2026-08-31T20:42:50.154Z,2026-08-31T20:42:58.000Z,2026-08-31T20:43:04.000Z,2026-08-31T20:43:09.679Z,,,13.846,19.526,,completed,successo,,,66,01a05997-f95a-7073-a8e8-d92ba62d16ce,sent,0,25.00,0.00,0
126,stablecoin,25.00,EUR,basesepolia,,0x91f7b2252256a112fe12ee79ba58e1cb290d21c3,,0x5bb0f5dd7954f73639a41531f0766d18d9a7f40c8427eff964a380b76b7257f2,65388,6000000,0.000000392328,2026-08-31T20:42:50.228Z,2026-08-31T20:43:00.000Z,2026-08-31T20:43:06.000Z,2026-08-31T20:43:09.803Z,,,15.772,19.575,,completed,successo,,,67,01a05998-1191-79ab-b818-f86e652e059c,sent,0,25.00,0.00,0
127,stablecoin,50.00,EUR,basesepolia,,0x91f7b2252256a112fe12ee79ba58e1cb290d21c3,,0x326dfe8f04cb110bdd0e679a5cd0b3ae8502f260cacb59ba60471b8aa8b0cae2,65388,6000000,0.000000392328,2026-08-31T20:42:50.297Z,2026-08-31T20:43:00.000Z,2026-08-31T20:43:06.000Z,2026-08-31T20:43:09.923Z,,,15.703,19.626,,completed,successo,,,68,01a05998-1cbf-79af-b8ba-c96671071655,sent,0,50.00,0.00,0
128,stablecoin,50.00,EUR,basesepolia,,0x91f7b2252256a112fe12ee79ba58e1cb290d21c3,,0x9a6aa807f8a0520214b69ecaa8b4da525b3bd654e241dded2750fa879df00393,65388,6021435,0.00000039372959178,2026-08-31T20:42:50.368Z,2026-08-31T20:43:02.000Z,2026-08-31T20:43:08.000Z,2026-08-31T20:43:13.549Z,,,17.632,23.181,,completed,successo,,,69,01a05999-d38d-7f7b-86c8-c1ceea456c2d,sent,0,50.00,0.00,0
129,stablecoin,50.00,EUR,basesepolia,,0x91f7b2252256a112fe12ee79ba58e1cb290d21c3,,0xc908291d31f40020f8d9fbfd4167abfaafe706dbe44460ddd37702d6ff7035ea,65388,6050114,0.000000395604854232,2026-08-31T20:42:50.442Z,2026-08-31T20:43:04.000Z,2026-08-31T20:43:10.000Z,2026-08-31T20:43:13.831Z,,,19.558,23.389,,completed,successo,,,70,01a05998-9921-7a96-9c66-bb218c90c2f3,sent,0,50.00,0.00,0
130,stablecoin,100.00,EUR,basesepolia,,0x91f7b2252256a112fe12ee79ba58e1cb290d21c3,,,,,,2026-08-31T20:42:50.516Z,,,,,,,,,pending,in_attesa,,,,,,0,100.00,0.00,0
131,stablecoin,100.00,EUR,basesepolia,,0x91f7b2252256a112fe12ee79ba58e1cb290d21c3,,0xbb0613a802fe5dbd8388524a9141bb13506fb9d8ba8fa1f5292d53516661f77b,65388,6086589,0.000000397989881532,2026-08-31T20:42:50.594Z,2026-08-31T20:43:06.000Z,2026-08-31T20:43:12.000Z,2026-08-31T20:43:14.090Z,,,21.406,23.496,,completed,successo,,,71,01a05998-a9fb-7105-830c-7fb7ad362812,sent,0,100.00,0.00,0
132,stablecoin,100.00,EUR,basesepolia,,0x91f7b2252256a112fe12ee79ba58e1cb290d21c3,,,,,,2026-08-31T20:42:50.668Z,,,,,,,,,pending,in_attesa,,,,,,0,100.00,0.00,0
133,stablecoin,10.00,EUR,basesepolia,84532,0x91f7b2252256a112fe12ee79ba58e1cb290d21c3,,0xd833227ab6fdc45b2483d163950c9cef244445afe89e7df1b3e7240c71de43c1,65376,6000000,0.000000392256,2026-08-31T20:46:02.067Z,2026-08-31T20:46:06.000Z,2026-08-31T20:46:12.000Z,2026-08-31T20:46:16.429Z,,,9.933,14.362,,completed,successo,,,72,01a05998-b478-75b2-9060-2c3f4dee9f51,sent,0,10.00,0.00,0
134,stablecoin,10.00,EUR,basesepolia,84532,0x91f7b2252256a112fe12ee79ba58e1cb290d21c3,,0x2182967ea8e7f03fc07cf227dedf5ded5833316caffe1743789b6b52affd4fb2,65376,6000000,0.000000392256,2026-08-31T20:46:02.157Z,2026-08-31T20:46:08.000Z,2026-08-31T20:46:14.000Z,2026-08-31T20:46:16.600Z,,,11.843,14.443,,completed,successo,,,73,01a05998-bea8-775a-9f83-e222a78f4383,sent,0,10.00,0.00,0
135,stablecoin,10.00,EUR,basesepolia,84532,0x91f7b2252256a112fe12ee79ba58e1cb290d21c3,,0xae96cc46cb6391a7f734258f88ce40a31c46460369411b8cfe832ba6f597ad74,65376,6000000,0.000000392256,2026-08-31T20:46:02.228Z,2026-08-31T20:46:10.000Z,2026-08-31T20:46:16.000Z,2026-08-31T20:46:20.723Z,,,13.772,18.495,,completed,successo,,,74,01a05998-c794-7fb8-a167-3857e87af388,sent,0,10.00,0.00,0
136,stablecoin,10.00,EUR,basesepolia,84532,0x91f7b2252256a112fe12ee79ba58e1cb290d21c3,,0xe4a0511c3da2075f49eeafa23cc7218a746d962500b432b4167c86f321112b7a,65376,6000000,0.000000392256,2026-08-31T20:46:02.298Z,2026-08-31T20:46:10.000Z,2026-08-31T20:46:16.000Z,2026-08-31T20:46:20.902Z,,,13.702,18.604,,completed,successo,,,75,01a05998-d199-75f1-9d4c-5983b3bc73a8,sent,0,10.00,0.00,0
137,stablecoin,25.00,EUR,basesepolia,84532,0x91f7b2252256a112fe12ee79ba58e1cb290d21c3,,0x21b272f097b4f4c12a47e72ce7c3ccde3eb1e5b9bf7f9af35bcd08034b0ba210,65388,6000000,0.000000392328,2026-08-31T20:46:02.371Z,2026-08-31T20:46:14.000Z,2026-08-31T20:46:20.000Z,2026-08-31T20:46:28.959Z,,,17.629,26.588,,completed,successo,,,76,01a05998-da96-7773-8d1a-ba927016529e,sent,0,25.00,0.00,0
138,stablecoin,25.00,EUR,basesepolia,84532,0x91f7b2252256a112fe12ee79ba58e1cb290d21c3,,0x4b6306ecaaf2cccb31bf3c1789e88908b2acf06f525850a6543cfa74e6cdba7c,65376,6000000,0.000000392256,2026-08-31T20:46:02.443Z,2026-08-31T20:46:16.000Z,2026-08-31T20:46:22.000Z,2026-08-31T20:46:29.122Z,,,19.557,26.679,,completed,successo,,,77,01a05998-e343-7985-a060-cac33de5dbc2,sent,0,25.00,0.00,0
139,stablecoin,25.00,EUR,basesepolia,84532,0x91f7b2252256a112fe12ee79ba58e1cb290d21c3,,0x54506eaa79c1bba180a554c5f394e3fc604988e48b85d859ff1e3f4055ba785f,65388,6000000,0.000000392328,2026-08-31T20:46:02.516Z,2026-08-31T20:46:18.000Z,2026-08-31T20:46:24.000Z,2026-08-31T20:46:32.766Z,,,21.484,30.251,,completed,successo,,,78,01a05998-eb20-73a6-8173-aa5e60c83218,sent,0,25.00,0.00,0
140,stablecoin,25.00,EUR,basesepolia,84532,0x91f7b2252256a112fe12ee79ba58e1cb290d21c3,,0xa33d583e1c3fb0aecfbf9130dbcbff84afd1ae85a6acaaffe0cc6839e0d0edd1,65388,6000000,0.000000392328,2026-08-31T20:46:02.594Z,2026-08-31T20:46:20.000Z,2026-08-31T20:46:26.000Z,2026-08-31T20:46:33.045Z,,,23.406,30.451,,completed,successo,,,79,01a05998-f2d0-706a-8468-44e1619ec8b7,sent,0,25.00,0.00,0
141,stablecoin,50.00,EUR,basesepolia,84532,0x91f7b2252256a112fe12ee79ba58e1cb290d21c3,,0xafbbffe2b5e1e11c7b1c72babc3a6f6b53d27fc7a19aa486cd8865e77228ff4b,65376,6000000,0.000000392256,2026-08-31T20:46:02.672Z,2026-08-31T20:46:22.000Z,2026-08-31T20:46:28.000Z,2026-08-31T20:46:33.310Z,,,25.328,30.638,,completed,successo,,,80,01a05998-fd18-7d4f-94b4-d65b3543c864,sent,0,50.00,0.00,0
142,stablecoin,50.00,EUR,basesepolia,84532,0x91f7b2252256a112fe12ee79ba58e1cb290d21c3,,0xfd4305aed7014520361d8ef4be2257fea0c71fa55af8e6222cc1bca6a2e7486b,65388,6000000,0.000000392328,2026-08-31T20:46:02.748Z,2026-08-31T20:46:22.000Z,2026-08-31T20:46:28.000Z,2026-08-31T20:46:33.468Z,,,25.252,30.72,,completed,successo,,,81,01a05999-111a-7fe4-8e68-2664b476ba09,sent,0,50.00,0.00,0
143,stablecoin,50.00,EUR,basesepolia,,0x91f7b2252256a112fe12ee79ba58e1cb290d21c3,,,,,,2026-08-31T20:46:02.827Z,,,,,,,,,pending,in_attesa,,,,,,0,50.00,0.00,0
144,stablecoin,50.00,EUR,basesepolia,,0x91f7b2252256a112fe12ee79ba58e1cb290d21c3,,,,,,2026-08-31T20:46:02.905Z,,,,,,,,,pending,in_attesa,,,,,,0,50.00,0.00,0
145,stablecoin,100.00,EUR,basesepolia,,0x91f7b2252256a112fe12ee79ba58e1cb290d21c3,,,,,,2026-08-31T20:46:02.978Z,,,,,,,,,pending,in_attesa,,,,,,0,100.00,0.00,0
146,stablecoin,100.00,EUR,basesepolia,,0x91f7b2252256a112fe12ee79ba58e1cb290d21c3,,,,,,2026-08-31T20:46:03.059Z,,,,,,,,,pending,in_attesa,,,,,,0,100.00,0.00,0
147,stablecoin,100.00,EUR,basesepolia,,0x91f7b2252256a112fe12ee79ba58e1cb290d21c3,,,,,,2026-08-31T20:46:03.134Z,,,,,,,,,pending,in_attesa,,,,,,0,100.00,0.00,0
148,stablecoin,100.00,EUR,basesepolia,,0x91f7b2252256a112fe12ee79ba58e1cb290d21c3,,,,,,2026-08-31T20:46:03.209Z,,,,,,,,,pending,in_attesa,,,,,,0,100.00,0.00,0
149,stablecoin,10.00,EUR,basesepolia,,0x91f7b2252256a112fe12ee79ba58e1cb290d21c3,,,,,,2026-08-31T20:47:46.088Z,,,,,,,,,pending,in_attesa,,,,,,0,10.00,0.00,0
150,stablecoin,10.00,EUR,basesepolia,,0x91f7b2252256a112fe12ee79ba58e1cb290d21c3,,,,,,2026-08-31T20:47:46.160Z,,,,,,,,,pending,in_attesa,,,,,,0,10.00,0.00,0
151,stablecoin,10.00,EUR,basesepolia,,0x91f7b2252256a112fe12ee79ba58e1cb290d21c3,,,,,,2026-08-31T20:47:46.236Z,,,,,,,,,pending,in_attesa,,,,,,0,10.00,0.00,0
152,stablecoin,10.00,EUR,basesepolia,,0x91f7b2252256a112fe12ee79ba58e1cb290d21c3,,,,,,2026-08-31T20:47:46.318Z,,,,,,,,,pending,in_attesa,,,,,,0,10.00,0.00,0
153,stablecoin,10.00,EUR,basesepolia,,0x91f7b2252256a112fe12ee79ba58e1cb290d21c3,,,,,,2026-08-31T20:47:46.396Z,,,,,,,,,pending,in_attesa,,,,,,0,10.00,0.00,0
154,stablecoin,10.00,EUR,basesepolia,,0x91f7b2252256a112fe12ee79ba58e1cb290d21c3,,,,,,2026-08-31T20:47:46.468Z,,,,,,,,,pending,in_attesa,,,,,,0,10.00,0.00,0
155,stablecoin,25.00,EUR,basesepolia,,0x91f7b2252256a112fe12ee79ba58e1cb290d21c3,,,,,,2026-08-31T20:47:46.538Z,,,,,,,,,pending,in_attesa,,,,,,0,25.00,0.00,0
156,stablecoin,25.00,EUR,basesepolia,,0x91f7b2252256a112fe12ee79ba58e1cb290d21c3,,,,,,2026-08-31T20:47:46.608Z,,,,,,,,,pending,in_attesa,,,,,,0,25.00,0.00,0
157,stablecoin,25.00,EUR,basesepolia,,0x91f7b2252256a112fe12ee79ba58e1cb290d21c3,,,,,,2026-08-31T20:47:46.689Z,,,,,,,,,pending,in_attesa,,,,,,0,25.00,0.00,0
158,stablecoin,25.00,EUR,basesepolia,,0x91f7b2252256a112fe12ee79ba58e1cb290d21c3,,,,,,2026-08-31T20:47:46.759Z,,,,,,,,,pending,in_attesa,,,,,,0,25.00,0.00,0
159,stablecoin,25.00,EUR,basesepolia,,0x91f7b2252256a112fe12ee79ba58e1cb290d21c3,,,,,,2026-08-31T20:47:46.828Z,,,,,,,,,pending,in_attesa,,,,,,0,25.00,0.00,0
160,stablecoin,25.00,EUR,basesepolia,,0x91f7b2252256a112fe12ee79ba58e1cb290d21c3,,,,,,2026-08-31T20:47:46.901Z,,,,,,,,,pending,in_attesa,,,,,,0,25.00,0.00,0
161,stablecoin,50.00,EUR,basesepolia,,0x91f7b2252256a112fe12ee79ba58e1cb290d21c3,,,,,,2026-08-31T20:47:46.974Z,,,,,,,,,pending,in_attesa,,,,,,0,50.00,0.00,0
162,stablecoin,50.00,EUR,basesepolia,,0x91f7b2252256a112fe12ee79ba58e1cb290d21c3,,,,,,2026-08-31T20:47:47.058Z,,,,,,,,,pending,in_attesa,,,,,,0,50.00,0.00,0
163,stablecoin,50.00,EUR,basesepolia,,0x91f7b2252256a112fe12ee79ba58e1cb290d21c3,,,,,,2026-08-31T20:47:47.138Z,,,,,,,,,pending,in_attesa,,,,,,0,50.00,0.00,0
164,stablecoin,50.00,EUR,basesepolia,,0x91f7b2252256a112fe12ee79ba58e1cb290d21c3,,,,,,2026-08-31T20:47:47.210Z,,,,,,,,,pending,in_attesa,,,,,,0,50.00,0.00,0
165,stablecoin,50.00,EUR,basesepolia,,0x91f7b2252256a112fe12ee79ba58e1cb290d21c3,,,,,,2026-08-31T20:47:47.280Z,,,,,,,,,pending,in_attesa,,,,,,0,50.00,0.00,0
166,stablecoin,50.00,EUR,basesepolia,,0x91f7b2252256a112fe12ee79ba58e1cb290d21c3,,,,,,2026-08-31T20:47:47.365Z,,,,,,,,,pending,in_attesa,,,,,,0,50.00,0.00,0
167,stablecoin,100.00,EUR,basesepolia,,0x91f7b2252256a112fe12ee79ba58e1cb290d21c3,,,,,,2026-08-31T20:47:47.434Z,,,,,,,,,pending,in_attesa,,,,,,0,100.00,0.00,0
168,stablecoin,100.00,EUR,basesepolia,,0x91f7b2252256a112fe12ee79ba58e1cb290d21c3,,,,,,2026-08-31T20:47:47.502Z,,,,,,,,,pending,in_attesa,,,,,,0,100.00,0.00,0
169,stablecoin,100.00,EUR,basesepolia,,0x91f7b2252256a112fe12ee79ba58e1cb290d21c3,,,,,,2026-08-31T20:47:47.572Z,,,,,,,,,pending,in_attesa,,,,,,0,100.00,0.00,0
170,stablecoin,100.00,EUR,basesepolia,,0x91f7b2252256a112fe12ee79ba58e1cb290d21c3,,,,,,2026-08-31T20:47:47.640Z,,,,,,,,,pending,in_attesa,,,,,,0,100.00,0.00,0
171,stablecoin,100.00,EUR,basesepolia,,0x91f7b2252256a112fe12ee79ba58e1cb290d21c3,,,,,,2026-08-31T20:47:47.711Z,,,,,,,,,pending,in_attesa,,,,,,0,100.00,0.00,0
172,stablecoin,100.00,EUR,basesepolia,,0x91f7b2252256a112fe12ee79ba58e1cb290d21c3,,,,,,2026-08-31T20:47:47.786Z,,,,,,,,,pending,in_attesa,,,,,,0,100.00,0.00,0
173,stablecoin,250.00,EUR,basesepolia,,0x91f7b2252256a112fe12ee79ba58e1cb290d21c3,,,,,,2026-08-31T20:47:47.863Z,,,,,,,,,pending,in_attesa,,,,,,0,250.00,0.00,0
174,stablecoin,250.00,EUR,basesepolia,,0x91f7b2252256a112fe12ee79ba58e1cb290d21c3,,,,,,2026-08-31T20:47:47.933Z,,,,,,,,,pending,in_attesa,,,,,,0,250.00,0.00,0
175,stablecoin,250.00,EUR,basesepolia,,0x91f7b2252256a112fe12ee79ba58e1cb290d21c3,,,,,,2026-08-31T20:47:48.013Z,,,,,,,,,pending,in_attesa,,,,,,0,250.00,0.00,0
176,stablecoin,250.00,EUR,basesepolia,,0x91f7b2252256a112fe12ee79ba58e1cb290d21c3,,,,,,2026-08-31T20:47:48.088Z,,,,,,,,,pending,in_attesa,,,,,,0,250.00,0.00,0
177,stablecoin,250.00,EUR,basesepolia,,0x91f7b2252256a112fe12ee79ba58e1cb290d21c3,,,,,,2026-08-31T20:47:48.159Z,,,,,,,,,pending,in_attesa,,,,,,0,250.00,0.00,0
178,stablecoin,250.00,EUR,basesepolia,,0x91f7b2252256a112fe12ee79ba58e1cb290d21c3,,,,,,2026-08-31T20:47:48.234Z,,,,,,,,,pending,in_attesa,,,,,,0,250.00,0.00,0
179,stablecoin,10.00,EUR,basesepolia,84532,0x91f7b2252256a112fe12ee79ba58e1cb290d21c3,,0xcd4b3ca4b05e6f7086a40ea68598ece9da4685af04e39575de5065c83ec182a3,65376,6000000,0.000000392256,2026-08-31T20:48:15.136Z,2026-08-31T20:48:22.000Z,2026-08-31T20:48:28.000Z,2026-08-31T20:48:31.905Z,,,12.864,16.769,,completed,successo,,,82,01a05999-1b8d-7c6a-92c9-81d2ee0f41f8,sent,0,10.00,0.00,0
180,stablecoin,10.00,EUR,basesepolia,84532,0x91f7b2252256a112fe12ee79ba58e1cb290d21c3,,0xeb46f00334977813ffd72888e000a4a4002a08783282f776c0f472c8491d5631,65376,6000000,0.000000392256,2026-08-31T20:48:15.205Z,2026-08-31T20:48:22.000Z,2026-08-31T20:48:28.000Z,2026-08-31T20:48:32.056Z,,,12.795,16.851,,completed,successo,,,83,01a05999-24f8-7ae1-b585-fa5f895a5ec5,sent,0,10.00,0.00,0
181,stablecoin,10.00,EUR,basesepolia,84532,0x91f7b2252256a112fe12ee79ba58e1cb290d21c3,,0x7fc044c44d180ca0b49c0c5266001749de9c47df3e55d3317d2bf37a07a91a7f,65376,6000000,0.000000392256,2026-08-31T20:48:15.274Z,2026-08-31T20:48:24.000Z,2026-08-31T20:48:30.000Z,2026-08-31T20:48:32.190Z,,,14.726,16.916,,completed,successo,,,84,01a05999-31f2-7541-8839-793a7f5c1abf,sent,0,10.00,0.00,0
182,stablecoin,10.00,EUR,basesepolia,84532,0x91f7b2252256a112fe12ee79ba58e1cb290d21c3,,0xed311c223faf20c2af4dcbaeb6e3a7de3dbe96e49b33d23f5931f2c436d76c27,65364,6000000,0.000000392184,2026-08-31T20:48:15.342Z,2026-08-31T20:48:24.000Z,2026-08-31T20:48:30.000Z,2026-08-31T20:48:32.315Z,,,14.658,16.973,,completed,successo,,,85,01a05999-3bd1-7fb8-bb75-2f5dc68d254f,sent,0,10.00,0.00,0
183,stablecoin,25.00,EUR,basesepolia,84532,0x91f7b2252256a112fe12ee79ba58e1cb290d21c3,,0x7d72b224f323865bd334574da363dc269282bc11d80ea3d509cff3157f52018e,65388,6000000,0.000000392328,2026-08-31T20:48:15.411Z,2026-08-31T20:48:26.000Z,2026-08-31T20:48:32.000Z,2026-08-31T20:48:37.006Z,,,16.589,21.595,,completed,successo,,,86,01a05999-5382-7835-bf7e-54f4dcd0c0e4,sent,0,25.00,0.00,0
184,stablecoin,25.00,EUR,basesepolia,84532,0x91f7b2252256a112fe12ee79ba58e1cb290d21c3,,0xd40f558e69a9432fb8f143ae9b5709bee58e8df00ebfb5390550856ec53c66a9,65388,6000000,0.000000392328,2026-08-31T20:48:15.481Z,2026-08-31T20:48:26.000Z,2026-08-31T20:48:32.000Z,2026-08-31T20:48:37.167Z,,,16.519,21.687,,completed,successo,,,87,01a05999-5d9b-79c6-a6e7-f6d43880f287,sent,0,25.00,0.00,0
185,stablecoin,25.00,EUR,basesepolia,84532,0x91f7b2252256a112fe12ee79ba58e1cb290d21c3,,0x58b2e81cb49b9bc6c8c7840a8008a1c9b581b297d8e385e96458f50d4e0793ff,65388,6000000,0.000000392328,2026-08-31T20:48:15.552Z,2026-08-31T20:48:28.000Z,2026-08-31T20:48:34.000Z,2026-08-31T20:48:37.314Z,,,18.448,21.762,,completed,successo,,,88,01a05999-67e6-701b-94a7-aa2812e1171e,sent,0,25.00,0.00,0
186,stablecoin,25.00,EUR,basesepolia,84532,0x91f7b2252256a112fe12ee79ba58e1cb290d21c3,,0x1694b345dae272e69883bf0728fb427450f061c07089f7b0c4e26d1b3c062e98,65388,6000000,0.000000392328,2026-08-31T20:48:15.627Z,2026-08-31T20:48:28.000Z,2026-08-31T20:48:34.000Z,2026-08-31T20:48:37.437Z,,,18.373,21.809,,completed,successo,,,89,01a05999-705f-74de-8228-4dc7db5b82e6,sent,0,25.00,0.00,0
187,stablecoin,50.00,EUR,basesepolia,84532,0x91f7b2252256a112fe12ee79ba58e1cb290d21c3,,0xf7926a0a6f97000e6b423464ea00ad9c0b38954e26698f5400e71a8576329842,65388,6000000,0.000000392328,2026-08-31T20:48:15.693Z,2026-08-31T20:48:30.000Z,2026-08-31T20:48:36.000Z,2026-08-31T20:48:42.997Z,,,20.307,27.305,,completed,successo,,,90,01a05999-79ce-7126-9222-993288becd78,sent,0,50.00,0.00,0
188,stablecoin,50.00,EUR,basesepolia,84532,0x91f7b2252256a112fe12ee79ba58e1cb290d21c3,,0xf8e53dad8355dcd8b0c4b08495946ca166c915f473066bbe72035abf124cea94,65388,6000000,0.000000392328,2026-08-31T20:48:15.758Z,2026-08-31T20:48:30.000Z,2026-08-31T20:48:36.000Z,2026-08-31T20:48:43.155Z,,,20.242,27.397,,completed,successo,,,91,01a05999-889d-7b3d-a705-9796d95869c9,sent,0,50.00,0.00,0
189,stablecoin,50.00,EUR,basesepolia,84532,0x91f7b2252256a112fe12ee79ba58e1cb290d21c3,,0x53c720898fe6bbc3501164cf694577f9d293f6a0e39442a638a5778f867f37f4,65388,6000000,0.000000392328,2026-08-31T20:48:15.825Z,2026-08-31T20:48:32.000Z,2026-08-31T20:48:38.000Z,2026-08-31T20:48:43.285Z,,,22.175,27.46,,completed,successo,,,92,01a05999-938b-7617-8fe0-9962c2628733,sent,0,50.00,0.00,0
190,stablecoin,50.00,EUR,basesepolia,84532,0x91f7b2252256a112fe12ee79ba58e1cb290d21c3,,0xdec598f084f684fc927b18e53490ceabe3f52e9b133a8210434915995ee9b018,65388,6000000,0.000000392328,2026-08-31T20:48:15.896Z,2026-08-31T20:48:32.000Z,2026-08-31T20:48:38.000Z,2026-08-31T20:48:43.415Z,,,22.104,27.519,,completed,successo,,,93,01a05999-9d46-7bd6-8dfd-de63ea58270c,sent,0,50.00,0.00,0
191,stablecoin,100.00,EUR,basesepolia,84532,0x91f7b2252256a112fe12ee79ba58e1cb290d21c3,,0x0bb658b539a01985d8dd5c51a6ba76cc04cc34a51026b0e9f4b30d604f426400,65388,6000000,0.000000392328,2026-08-31T20:48:15.968Z,2026-08-31T20:48:34.000Z,2026-08-31T20:48:40.000Z,2026-08-31T20:48:43.678Z,,,24.032,27.71,,completed,successo,,,94,01a05999-a873-7870-9c3e-3e4aee403883,sent,0,100.00,0.00,0
192,stablecoin,100.00,EUR,basesepolia,84532,0x91f7b2252256a112fe12ee79ba58e1cb290d21c3,,0x959bb6d7a1d2c9ac333c030d1eac1df7db9972da5dbca437c7a33e6689efe905,65388,6000000,0.000000392328,2026-08-31T20:48:16.036Z,2026-08-31T20:48:34.000Z,2026-08-31T20:48:40.000Z,2026-08-31T20:48:43.824Z,,,23.964,27.788,,completed,successo,,,95,01a05999-b25e-7b60-a5b9-c499271d455c,sent,0,100.00,0.00,0
193,stablecoin,100.00,EUR,basesepolia,84532,0x91f7b2252256a112fe12ee79ba58e1cb290d21c3,,0xccc0136fa64e36cc2dda8957bf390f23e28e12da67919cfb05c377fa1c8aa05c,65388,6000000,0.000000392328,2026-08-31T20:48:16.112Z,2026-08-31T20:48:38.000Z,2026-08-31T20:48:44.000Z,2026-08-31T20:48:47.570Z,,,27.888,31.459,,completed,successo,,,96,01a05999-bc55-70b5-9074-ea77346842f2,sent,0,100.00,0.00,0
194,stablecoin,100.00,EUR,basesepolia,84532,0x91f7b2252256a112fe12ee79ba58e1cb290d21c3,,0xaa870ef2e3fa036adb46b3109e89f46efa1e132975c905a1c53a98f0901ddd1f,60588,6000000,0.000000363528,2026-08-31T20:48:16.189Z,2026-08-31T20:48:38.000Z,2026-08-31T20:48:44.000Z,2026-08-31T20:48:47.719Z,,,27.811,31.53,,completed,successo,,,97,01a05999-c58a-729a-b725-f4a69802c384,sent,0,100.00,0.00,0
195,stablecoin,10.00,EUR,basesepolia,84532,0x91f7b2252256a112fe12ee79ba58e1cb290d21c3,,0x8fb9b32b6d0c3215f72e092d89b37be297c728945dfed4e8fc53e2799956c1eb,65376,6000000,0.000000392256,2026-08-31T21:29:30.184Z,2026-08-31T21:29:38.000Z,2026-08-31T21:30:02.000Z,2026-08-31T21:30:06.494Z,,,31.816,36.31,,completed,successo,,,,,,0,10.00,0.00,0
196,stablecoin,10.00,EUR,basesepolia,84532,0x91f7b2252256a112fe12ee79ba58e1cb290d21c3,,0x01a58e98d3894975e047cfbbe6b8f9714e547d0cef8653677ac7af8520d6e236,65376,6000000,0.000000392256,2026-08-31T21:29:30.261Z,2026-08-31T21:29:38.000Z,2026-08-31T21:30:02.000Z,2026-08-31T21:30:08.047Z,,,31.739,37.786,,completed,successo,,,,,,0,10.00,0.00,0
197,stablecoin,25.00,EUR,basesepolia,84532,0x91f7b2252256a112fe12ee79ba58e1cb290d21c3,,0x63b1128c9cc19a6be1eb8cf51bfdaf8c4f48f609cfa3f874c78632356ceaa995,65388,6000000,0.000000392328,2026-08-31T21:29:30.337Z,2026-08-31T21:29:40.000Z,2026-08-31T21:30:04.000Z,2026-08-31T21:30:08.475Z,,,33.663,38.137,,completed,successo,,,,,,0,25.00,0.00,0
198,stablecoin,25.00,EUR,basesepolia,84532,0x91f7b2252256a112fe12ee79ba58e1cb290d21c3,,0x936aaa9606dc07e1ce94688624d37dac2840573b64459403b24e5b162b29bb00,65388,6000000,0.000000392328,2026-08-31T21:29:30.404Z,2026-08-31T21:29:40.000Z,2026-08-31T21:30:04.000Z,2026-08-31T21:30:08.768Z,,,33.596,38.364,,completed,successo,,,,,,0,25.00,0.00,0
199,stablecoin,50.00,EUR,basesepolia,84532,0x91f7b2252256a112fe12ee79ba58e1cb290d21c3,,0xc87584ef0e8acc114488092b2bb86a22c15ab4f7ce03f95e2e6fb2f63cfb6fc2,65376,6000000,0.000000392256,2026-08-31T21:29:30.471Z,2026-08-31T21:29:42.000Z,2026-08-31T21:30:06.000Z,2026-08-31T21:30:14.577Z,,,35.529,44.106,,completed,successo,,,,,,0,50.00,0.00,0
200,stablecoin,50.00,EUR,basesepolia,84532,0x91f7b2252256a112fe12ee79ba58e1cb290d21c3,,0xf9c31e032cb05b81be6291eb6fe23050344a2b8d4a6d7c1f7d9afc314f0bd2e9,60588,6000000,0.000000363528,2026-08-31T21:29:30.546Z,2026-08-31T21:29:42.000Z,2026-08-31T21:30:06.000Z,2026-08-31T21:30:14.914Z,,,35.454,44.368,,completed,successo,,,,,,0,50.00,0.00,0
201,stablecoin,10.00,EUR,basesepolia,84532,0x91f7b2252256a112fe12ee79ba58e1cb290d21c3,,0x84d3c9e7635ea86850d9940228d171728c27be11d705a2f290a7029d7253c1eb,65364,6000000,0.000000392184,2026-08-31T21:33:21.029Z,2026-08-31T21:33:28.000Z,2026-08-31T21:33:52.000Z,2026-08-31T21:33:54.409Z,2026-08-31T21:33:54.488Z,2026-08-31T21:33:58.142Z,30.971,33.38,37.113,completed,successo,,processed,,,,0,10.00,0.00,0
202,stablecoin,10.00,EUR,basesepolia,84532,0x91f7b2252256a112fe12ee79ba58e1cb290d21c3,,0xa38ccd7e7417d44ca3e1066dd1575b6825efc7139b938e4ca946f03bd97f5c96,65376,6000000,0.000000392256,2026-08-31T21:33:21.100Z,2026-08-31T21:33:30.000Z,2026-08-31T21:33:54.000Z,2026-08-31T21:34:01.596Z,2026-08-31T21:34:01.680Z,2026-08-31T21:34:04.332Z,32.9,40.495,43.232,completed,successo,,processed,,,,0,10.00,0.00,0
203,stablecoin,25.00,EUR,basesepolia,84532,0x91f7b2252256a112fe12ee79ba58e1cb290d21c3,,0xcb44d1fa05359cc520c12fa6903341457089ff0d9517456e1e4f2918c3921b1f,65388,6000000,0.000000392328,2026-08-31T21:33:21.170Z,2026-08-31T21:33:30.000Z,2026-08-31T21:33:54.000Z,2026-08-31T21:34:02.178Z,2026-08-31T21:34:02.261Z,2026-08-31T21:34:04.194Z,32.83,41.008,43.024,completed,successo,,processed,,,,0,25.00,0.00,0
204,stablecoin,25.00,EUR,basesepolia,84532,0x91f7b2252256a112fe12ee79ba58e1cb290d21c3,,0x423770cecdc8833b2c8c1fe621e8b66ca9db26d053ca493e07102077a7395aea,65388,6000000,0.000000392328,2026-08-31T21:33:21.247Z,2026-08-31T21:33:32.000Z,2026-08-31T21:33:56.000Z,2026-08-31T21:34:02.837Z,,,34.753,41.59,,completed,successo,,,,,,0,25.00,0.00,0
205,stablecoin,50.00,EUR,basesepolia,84532,0x91f7b2252256a112fe12ee79ba58e1cb290d21c3,,0x0d0923911d28bd7e992df1051eeff5dc8057d8a2574e6f41ef451dd94e7603ec,65388,6000000,0.000000392328,2026-08-31T21:33:21.318Z,2026-08-31T21:33:34.000Z,2026-08-31T21:33:58.000Z,2026-08-31T21:34:03.377Z,2026-08-31T21:34:03.454Z,2026-08-31T21:34:06.190Z,36.682,42.06,44.872,completed,successo,,processed,,,,0,50.00,0.00,0
206,stablecoin,50.00,EUR,basesepolia,84532,0x91f7b2252256a112fe12ee79ba58e1cb290d21c3,,0x891f3cedc2a7222e6a1e9a74095ac0e208ee9f9d7e524d3f35bb0f86143203c4,60588,6000000,0.000000363528,2026-08-31T21:33:21.390Z,2026-08-31T21:33:36.000Z,2026-08-31T21:34:00.000Z,2026-08-31T21:34:04.030Z,,,38.61,42.64,,completed,successo,,,,,,0,50.00,0.00,0
207,stablecoin,10.00,EUR,basesepolia,84532,0x91f7b2252256a112fe12ee79ba58e1cb290d21c3,,0xd3809b9cba755dd3ee2bdbc67edce627f5f6e5c86fa57ff6eae8b56f07aee5b6,65376,6000000,0.000000392256,2026-08-31T21:36:13.229Z,2026-08-31T21:36:24.000Z,2026-08-31T21:36:48.000Z,2026-08-31T21:36:50.186Z,2026-08-31T21:36:50.261Z,2026-08-31T21:36:52.209Z,34.771,36.958,38.98,completed,successo,,processed,,,,0,10.00,0.00,0
208,stablecoin,10.00,EUR,basesepolia,84532,0x91f7b2252256a112fe12ee79ba58e1cb290d21c3,,0xfb2d0c3050a4e2d95ec47766f767998ea7b3f8af76fbf101c73af5d7eca25fa1,65376,6000000,0.000000392256,2026-08-31T21:36:13.314Z,2026-08-31T21:36:24.000Z,2026-08-31T21:36:48.000Z,2026-08-31T21:36:51.422Z,2026-08-31T21:36:51.481Z,2026-08-31T21:36:54.124Z,34.686,38.109,40.81,completed,successo,,processed,,,,0,10.00,0.00,0
209,stablecoin,25.00,EUR,basesepolia,84532,0x91f7b2252256a112fe12ee79ba58e1cb290d21c3,,0x005ee83eb7f4755837ee5899369baca5cacac3d1c8e98a27c38a6703fe92eb6d,65376,6000000,0.000000392256,2026-08-31T21:36:13.392Z,2026-08-31T21:36:26.000Z,2026-08-31T21:36:50.000Z,2026-08-31T21:36:57.396Z,2026-08-31T21:36:57.486Z,2026-08-31T21:37:00.211Z,36.608,44.004,46.819,completed,successo,,processed,,,,0,25.00,0.00,0
210,stablecoin,25.00,EUR,basesepolia,84532,0x91f7b2252256a112fe12ee79ba58e1cb290d21c3,,0x1a80644e24cfd04aa3f15ec2f4594c3e59b0ef74874ac45c199f85cc975bc65b,65388,6000000,0.000000392328,2026-08-31T21:36:13.459Z,2026-08-31T21:36:26.000Z,2026-08-31T21:36:50.000Z,2026-08-31T21:36:57.910Z,2026-08-31T21:36:58.017Z,2026-08-31T21:37:00.259Z,36.541,44.451,46.8,completed,successo,,processed,,,,0,25.00,0.00,0
211,stablecoin,50.00,EUR,basesepolia,84532,0x91f7b2252256a112fe12ee79ba58e1cb290d21c3,,0xe54e24c833fdf843c3bd50c1818e7acc3ca0f7d990656b0fc79da31ccd49881c,65388,6000000,0.000000392328,2026-08-31T21:36:13.529Z,2026-08-31T21:36:28.000Z,2026-08-31T21:36:52.000Z,2026-08-31T21:36:58.553Z,2026-08-31T21:36:58.651Z,2026-08-31T21:37:00.411Z,38.471,45.023,46.882,completed,successo,,processed,,,,0,50.00,0.00,0
212,stablecoin,50.00,EUR,basesepolia,84532,0x91f7b2252256a112fe12ee79ba58e1cb290d21c3,,0x1382410fa957546259a0e1af91d3a28001ab95604eabb5347113e1728022dde9,60564,6000000,0.000000363384,2026-08-31T21:36:13.596Z,2026-08-31T21:36:30.000Z,2026-08-31T21:36:54.000Z,2026-08-31T21:36:59.261Z,2026-08-31T21:36:59.365Z,2026-08-31T21:37:02.232Z,40.404,45.665,48.636,completed,successo,,processed,,,,0,50.00,0.00,0
213,stablecoin,10.00,EUR,basesepolia,84532,0x91f7b2252256a112fe12ee79ba58e1cb290d21c3,12,0x3170695347ca5963b8b289c487367524226dd8050f6aef853a9ac9e8db50085f,65376,6000000,0.000000392256,2026-08-31T21:39:14.425Z,2026-08-31T21:39:24.000Z,2026-08-31T21:39:48.000Z,2026-08-31T21:39:52.175Z,2026-08-31T21:39:52.224Z,2026-08-31T21:39:54.116Z,33.575,37.75,39.691,completed,successo,,processed,,,,0,10.00,0.00,0
214,stablecoin,25.00,EUR,basesepolia,84532,0x91f7b2252256a112fe12ee79ba58e1cb290d21c3,12,0xeb926767053f694660eb1b5bad733e1d1bee2775694ca8edb0e0b545ae2c9019,60588,6000000,0.000000363528,2026-08-31T21:39:14.498Z,2026-08-31T21:39:26.000Z,2026-08-31T21:39:50.000Z,2026-08-31T21:39:53.510Z,2026-08-31T21:39:53.567Z,2026-08-31T21:39:56.244Z,35.502,39.012,41.746,completed,successo,,processed,,,,0,25.00,0.00,0

